angusmacgyver,2VelaaFYK4qT4xKcX6QNJA==,SkOleZyNDPJ6ZW43SfzEEzoFh8bPW8qoepq66lcB+XOwL5lHollr5sv3VWr6LyCrCchzLMitoL0FovmZG3O74g==,2019-03-04T11:48:48,2019-03-04T11:48:48,0
claudiablack,vGYzFOh6J3oIFmK4vuSJdA==,ehItZNcBy9ejh4zgGjL9S3X1ZBbhlHXVg8m83SzNO7PdKXCqX1uwG5vaRutcafNz9TQUDLyOyMG7BLNRVw6aUg==,2019-03-04T11:48:48,2019-03-04T11:48:48,0
corinnemec,/UbvO7HhTnw8Yk/FDEHIsg==,nhKM7h1RBhygCF30F2bUw/2vdGGAg0s71/Rn0mJVWgeebLO73V4/o3x34kT1ct65tlJOXU6nSK1pywL0ggBkmg==,2019-03-04T11:48:48,2019-03-04T11:48:48,0
jackoneil,5ARcv7ZY2f7jm4PA4OL4VQ==,xr3iOsJVvVfgSbhc8LQVD6ilWmXDH/e1+VJqJzrOqg+QKUN9lS7gKTTjKhQOT6ggmoUlTTxtmUy/xzqlWgTVSw==,2019-03-04T11:48:48,2019-03-04T11:48:48,0
samanthacarter,kGT7KBFsNI51TeLGnUqM4w==,H7SlMRQ1rtt0Wog4exP4eQXF91/tloa/v96tZGgRxAWuEQkgs4luPHbud/tRZ4ZZrPZCBz9XYXQFc2tTBdcsoQ==,2019-03-04T11:48:48,2019-03-04T11:48:48,0
nurselifesaver,ry/m6Y9WX4A/NswmVoex5w==,1j3ags8WJGP1sL3hL620TngkNo0lxaUqcLXITHJl814934UFYwSb5WPKN40SzXITa8NTFTYdkQfzJFu8p9cvEQ==,2019-03-04T11:48:48,2019-03-04T11:48:48,0
nurselostincorridor,SyFDDkzaS057YpKe/Z50Dg==,2m7vOnHx4MggwNeJUL3qEuhNRDYRuKnkos08v56SmYEiHC+FdNUVKJk3ZudtEhRI9Rt9YpBl0BuHYbYEj+s45g==,2019-03-04T11:48:48,2019-03-04T11:48:48,0
nursenightshift,X9m78hyGEUz75zIsD/XEEg==,XLMWDHnpDtf4W3fWSytGWxTICjQzGJ8eMJV6GPtCNUb4pop9atPsNQ22rJwOcyarW6htaxm8qcDuXWXpnfPYrw==,2019-03-04T11:48:48,2019-03-04T11:48:48,0
nursepaingone,c90oxDgBrp/3V2iX+cRVJA==,lRTCxF9DP5h8oVmva4bGip2GlNVGnJ0MF0Z7UrGseHQ1e47fQQeZRnmGALJU9ELjz/g9scWOTNVEkU1lBA402Q==,2019-03-04T11:48:48,2019-03-04T11:48:48,0
nursespreadingsmiles,Jg4PUjrZiePBgZr0dZf7zg==,O6mzayIzv0ynB468Zp37nZ/1wxYkvTX7EJPI4oPVOKpTV1++3cIR9gGnpKMlHA11lTX/78eRtehiuZ2b1HYNyw==,2019-03-04T11:48:48,2019-03-04T11:48:48,0
docfixesproblems,Sgtx07pahWXNVAnh9dTVMw==,HwIeFcF2ik9ucxm2iCAyTyYOZ4uTPzXugXZ3+BzjdWUUCiOvGUZhY17oiynTs/SQld368B6yc2r7pSb0ddTjpA==,2019-03-04T11:48:48,2019-03-04T11:48:48,0
dochealseverything,sNVvCSwmh6KsQbkGMX+IkA==,sO/gqEuvDzF1OMdjxhqXOHmVuQbE2F5vTO51tgxgglWoAVUkgzB68yXWLEV2sASxA1GxyzPIRI8XGl3hVp7RVA==,2019-03-04T11:48:48,2019-03-04T11:48:48,0
docmendswounds,SlmCqwqFmchi2wzkGXtmnQ==,zA/uWckHhJY804Gum8OfAyQl1AnZCobfMF6wBI455Xyob9F0bbeVQYa4C3PrJBtC1TqpYmniX+rvNgrdZQvGLA==,2019-03-04T11:48:48,2019-03-04T11:48:48,0
government,sNaFA8c3qa7ux8Q9NYaNJg==,+6nCpp9uwYS+kzRseE2LTQvwxrsDkAyIm97sGV43v71n07MTW8qDnW8S2jvHrbn13Y6fK5RgH8vkYzr3dArbGQ==,2019-03-04T11:48:48,2019-03-04T11:48:48,0
